title,text,author,postDate,attachedMedia
a,b,MJH,2024-08-04 21:55,c
t,c,MJH,2024-08-04 21:55,m
work,please work,MJH,2024-08-04 21:55,please
Example Title,Example content,MJH,2024-08-12 10:10,Example media
testing title,test content,MJH,2024-08-05 13:34,test media
testeeeee,testing,fan_user,2024-08-05 16:00,mediaaa
Test,Hello,fan_user,2024-08-08 16:59,Nope
Please Work EDITED,For Me,MJH,2024-08-11 16:16,Please
del,del,MJH,2024-08-11 16:16,del
Title Add EDITED,Content Add,MJH,2024-08-11 16:16,Media Add
remove,remove,MJH,2024-08-11 16:16,remove
